rest_id,rest_name,rest_url,rest_address,city,country,latitude,longitude,location_url,rest_timing,rest_rating,rest_review,rest_about,cuisines,features,meals
1,Jaisalmer Kitchen,https://www.marriott.com.au/hotels/hotel-information/restaurant/jsamc-jaisalmer-marriott-resort-and-spa/,"Jaisalmer - Sam - Dhanana Road Police Line Jaisalmer, Jaisalmer 345001 India",Jaisalmer,India,26.93838,70.89631,"https://maps.google.com/maps?saddr=&daddr=Jaisalmer+-+Sam+-+Dhanana+Road+Police+Line+Jaisalmer%2C+Jaisalmer+345001+India@26.93838,70.89631",06:30 AM - 11:00 PM,5.0 ,91,None,"Bar, Pub, Asian","Reservations, Table Service, Seating, Wheelchair Accessible",None
2,The Traveler's Cup Premium Coffee Shop,http://www.facebook.com/TheTravelersCupPremiumCoffeeShop/,"Inside Dharan Book Store, Opposite Sun Temple, Vyasa Para, Inside Fort, Jaisalmer 345001 India",Jaisalmer,India,26.912542,70.91212,"https://maps.google.com/maps?saddr=&daddr=Inside+Dharan+Book+Store%2C+Opposite+Sun+Temple%2C+Vyasa+Para%2C+Inside+Fort%2C+Jaisalmer+345001+India@26.912542,70.91212",09:30 AM - 9:30 PM,5.0 ,373,"""Our espresso recommended by Lonely Planet India & Rajasthan, Delhi & Agra 2015"". Are you tired of drinking ""Indian style"" coffee that is often improperly-made, of low-quality, or both? We are too! That's why we're excited to make the best freshly-brewed drink for you to enjoy at The Traveller's Cup. What makes us different? - We understand what it takes to make great filtered coffee and espresso drinks. - We know that a great cup of coffee starts with using quality ingredients and that's why we only use premium Fair-Trade imported coffee, freshly-brewed when you order. - If your drink isn't as you'd like it, we'll make it right! - Our drinks are competitively priced, the same as others charge for instant coffee! (because we want you to leave completely satisfied!). - We offer a relaxed, peaceful & fan-cooled atmosphere with comfortable seating, and we also offer complimentary wireless internet (wifi) for every guest. Come visit us today for the best coffee, latte, or cappuccino around!**We're located inside Dharam Internet Cafe and Bookshop, opposite the Sun Temple (Surya Mandir) less than a five minute walk from the palace and Jain temple**","Cafe, Healthy","Takeout, Free Wifi, Accepts Credit Cards, Table Service, Free off-street parking, Digital Payments",None
3,Prithvi Restaurant,,"Kalakar Colony, Jaisalmer 345001 India",Jaisalmer,India,26.919054,70.911575,"https://maps.google.com/maps?saddr=&daddr=Kalakar+Colony%2C+Jaisalmer+345001+India@26.919054,70.911575",07:30 AM - 11:00 PM,5.0 ,279,We are situated in the heart of the city on the Rooftop of Hotel Prithvi Palace. Enjoy your food with magnificent View of the Jaisalmer Fort.,"Indian, Fast food, European, Asian","Reservations, Seating, Parking Available, Validated Parking, Serves Alcohol, Table Service",None
4,The Turban restaurant and cafe,http://resturenttheturbanandcafe.business.site/,"Artist Colony Near Sunset Point, Jaisalmer 345001 India",Jaisalmer,India,26.919537,70.91153,"https://maps.google.com/maps?saddr=&daddr=Artist+Colony+Near+Sunset+Point%2C+Jaisalmer+345001+India@26.919537,70.91153",08:30 AM - 10:30 PM,5.0 ,210,"The Turban Restaurant and cafe is a roof top restaurant from where one can enjoy the sunset and View of Golden fort in jaisalmer,Rajasthan. We are committed to satisfying our customers with great food and excellent service. We offer a wide variety of delicious multi cuisine dishes. Take a look at our wonderful menu and you'll find everything that you need! Indian cuisine varies from region to region, reflecting the varied demographics of the ethnically diverse Indian subcontinent. You can find a wide variety of dishes available here to choose from.'","Indian, Cafe, Barbecue","Reservations, Outdoor Seating, Seating, Free Wifi, Table Service, Delivery, Takeout, Parking Available, Digital Payments, Live Music, Family style",None
5,Hotel Pol Haveli Restaurant,http://www.hotelpolhaveli.com/,"Dedansar Road Near Hanuman Circle, Jaisalmer 345001 India",Jaisalmer,India,26.91977,70.909584,"https://maps.google.com/maps?saddr=&daddr=Dedansar+Road+Near+Hanuman+Circle%2C+Jaisalmer+345001+India@26.91977,70.909584",09:00 AM - 11:00 PM,5.0 ,216,None,"Indian, Asian","Takeout, Reservations, Outdoor Seating, Seating, Serves Alcohol, Free Wifi, Table Service",None
6,Kuku Coffee Shop,https://www.facebook.com/Kukucoffeeshop-427306327368864/,"Inside Jaisalmer Fort, Near Hari Om Jewellers, Chougen Para, Jaisalmer 345001 India",Jaisalmer,India,26.914143,70.91214,"https://maps.google.com/maps?saddr=&daddr=Inside+Jaisalmer+Fort%2C+Near+Hari+Om+Jewellers%2C+Chougen+Para%2C+Jaisalmer+345001+India@26.914143,70.91214",09:30 AM - 9:30 PM,5.0 ,409,"Here at Kuku Coffee Shop we pride ourselves on our friendly service and real coffee. By real we mean we know the difference between an espresso, a cappuccino, and a latte. Why not come put our knowledge to the test and enjoy real ground coffee served to your taste. If coffee is not your style, please enjoy our tea and cold beverage selection including lassis and milkshakes. All our teas are made with fresh ingredients and our masala chai is our own recipe. If food is what you are after please come with a bit of extra time or let us take your order in advance because all our ingredients come fresh from the market and need to be collected special for you. We also have to offer a beautiful sunset view of Jaisalmer from our rooftop. Here at Kuku Coffee Shop we aim to please and do not want you simply as customers, but as friends. Everyone who spends a bit of time here becomes family and we wouldn't have it any other way.","Indian, Fast food, Cafe, Healthy","Outdoor Seating, Seating, Cash Only, Free Wifi, Street Parking, Free off-street parking, Wine and Beer, Table Service",None
7,Jaisalmer Oasis Restaurant,http://jaisalmer-oasis-restaurant.business.site/,"Vyasa Pada, Inside Fort Jaisalmer, Near Jain Temple, Jaisalmer 345001 India",Jaisalmer,India,26.912106,70.91161,"https://maps.google.com/maps?saddr=&daddr=Vyasa+Pada%2C+Inside+Fort+Jaisalmer%2C+Near+Jain+Temple%2C+Jaisalmer+345001+India@26.912106,70.91161",07:00 AM - 11:30 PM,5.0 ,148,"Rooftop with amazing view of golden city jaisalmer,with music , candle light dinner, with best view of Jain temple and sunset sunrise, typical of Rajasthani food Indian thali,","Italian, Indian, Asian","Takeout, Reservations, Outdoor Seating, Seating, Serves Alcohol, Free Wifi, Table Service",None
8,The Panorama Jaisalmer,http://www.facebook.com/thepanoramajsm/,"On Fort Kotari Para, Jaisalmer 345001 India",Jaisalmer,India,26.912764,70.914505,"https://maps.google.com/maps?saddr=&daddr=On+Fort+Kotari+Para%2C+Jaisalmer+345001+India@26.912764,70.914505",08:00 AM - 10:00 PM,5.0 ,185,None,"Indian, Asian, Vegetarian Friendly",None,None
9,Pleasant Haveli - Roof Top Restaurant,http://www.pleasanthaveli.com,"ChainPura Street - Gandhi Chowk, Jaisalmer 345001 India",Jaisalmer,India,26.91731,70.91113,"https://maps.google.com/maps?saddr=&daddr=ChainPura+Street+-+Gandhi+Chowk%2C+Jaisalmer+345001+India@26.91731,70.91113",07:00 AM - 10:00 PM,5.0 ,508,"Pleasant Haveli- Roof Top Restaurant Offers Continental & Indian Food & Drinks Along With Magnificent View Of Jaisalmer Fort , Vyas Chattri (Cenotaphs), Sunset / Sunrise view. We also Offer Free Wi-Fi Services To Our Valuable Guest.","Indian, Asian, International","Outdoor Seating, Parking Available, Free off-street parking, Serves Alcohol, Wine and Beer, Free Wifi, Takeout, Reservations, Seating, Accepts Credit Cards, Table Service",None
10,Green park restaurant,http://www.greenparkresourt.com,"Air Force Road Near Air Force Station Jaisalmer, Jaisalmer 345001 India",Jaisalmer,India,26.903673,70.90728,"https://maps.google.com/maps?saddr=&daddr=Air+Force+Road+Near+Air+Force+Station+Jaisalmer%2C+Jaisalmer+345001+India@26.903673,70.90728",09:00 AM - 11:00 PM,5.0 ,151,"The Green Park Resort is the one which is serving selected and typical Indian cuisine .It is dedicated to the success of full-service restaurants including those operating full-service restaurants, hotels, resorts, clubs, and catering operations. It is serving its wide range of food varieties - from mildly spicy to fiery hot, vegetarian soups, naan bread, cheese or ""paneer"", sweets. Come and feel the difference where every dish is Inviting and every bite is Exciting. We treat our costumers as our guests. Hence, we believe in not only good customer service and reasonable price, but are also dedicated to the quality of food. Customer satisfaction is our motto and central to our service.","Indian, Asian","Delivery, Takeout, Reservations, Outdoor Seating, Private Dining, Seating, Parking Available, Validated Parking, Valet Parking, Television, Highchairs Available, Accepts Credit Cards, Table Service",None
11,Abu Safari Restaurant,http://www.abusafari.in,"Ring Road front of Fort,, Jaisalmer 345001 India",Jaisalmer,India,26.911358,70.91331,"https://maps.google.com/maps?saddr=&daddr=Ring+Road+front+of+Fort%2C%2C+Jaisalmer+345001+India@26.911358,70.91331",12:00 AM - 11:59 PM,5.0 ,346,"Abu Jaisalmer Cafe , welcomes you with the best view in town and a great variety of local and international cuisines. In addition to a broad variety of really good food and an amazing dining experience your stay in Jaisalmer will be unforgettable with our amazing room & rooftop view of the famous Fort Jaisalmer. You'll be mesmerised looking at the sun rise as well as set & also as the moon takes over, you'll enjoy stargazing under the night sky of this beautiful city","American, Chinese, Indian, European, Asian","Reservations, Outdoor Seating, Seating, Street Parking, Validated Parking, Serves Alcohol, Cash Only, Free Wifi, Table Service",None
13,Thakur ji Restaurant,http://www.thakurjirestaurant.com,"Ring Road Fort Parking, Dibba Para, Jaisalmer 345001 India",Jaisalmer,India,26.911728,70.91489,"https://maps.google.com/maps?saddr=&daddr=Ring+Road+Fort+Parking%2C+Dibba+Para%2C+Jaisalmer+345001+India@26.911728,70.91489",09:00 AM - 11:00 PM,4.5 ,258,None,"Indian, International, Asian",None,None
14,shahi palace roof top restaurant,http://www.shahipalacehotel.com,"Shahi Palace Hotel Silawata Para , Shiv Street, Jaisalmer 345001 India",Jaisalmer,India,26.91221,70.910126,"https://maps.google.com/maps?saddr=&daddr=Shahi+Palace+Hotel+Silawata+Para+%2C+Shiv+Street%2C+Jaisalmer+345001+India@26.91221,70.910126",08:00 AM - 11:00 PM,4.5 ,173,None,"Indian, International","Outdoor Seating, Seating, Serves Alcohol, Table Service, Reservations, Free Wifi",None
15,Shanti The Peace Restaurant,,"Inside Fort, Jaisalmer 345001 India",Jaisalmer,India,26.912195,70.91445,"https://maps.google.com/maps?saddr=&daddr=Inside+Fort%2C+Jaisalmer+345001+India@26.912195,70.91445",08:00 AM - 11:00 PM,4.5 ,252,None,"Indian, Asian","Takeout, Reservations, Outdoor Seating, Seating, Serves Alcohol, Free Wifi, Table Service",None
16,Gaji's Restaurant,http://gaji-jaisalmer-in.book.direct/en-gb/dining,"On Roof-Top of Gaji Hotel, Kalakar Colony Near Sunset Point, Jaisalmer 345001 India",Jaisalmer,India,26.91898,70.912,"https://maps.google.com/maps?saddr=&daddr=On+Roof-Top+of+Gaji+Hotel%2C+Kalakar+Colony+Near+Sunset+Point%2C+Jaisalmer+345001+India@26.91898,70.912",07:00 AM - 11:00 PM,4.5 ,773,"Welcome at Gaji’s Restaurant Jaisamer located Near the Sunset Point,Jaisalmer. Our restaurant is famous for Group, Family, Kids, and Business People. We served Breakfast, Lunch & Dinner and just a drink after a busy day. Our rooftop terrace offers stunning sunset and sunrise views of the spectacular Golden Fort, Mandir Palace, & City View. A place to meet other people or just to relax in a hammock. In our restaurant on our rooftop terrace with a variety of Korean Food, Indian dishes, Rajasthani, Indian Thali, Chinese, Italian and other food.","Chinese, Indian, Korean","Seating, Cash Only, Free Wifi, Takeout, Reservations, Outdoor Seating, Street Parking, Accepts Mastercard, Accepts Visa, Digital Payments, Accepts Credit Cards, Table Service",None
17,Tokyo Roof Top Restaurant,http://tokyopalace.net/ourhotel/restau,"Airforce Chouraha Hotel Tokyo Palace Roof Top Restaurant Near Fort Near Fort, Airforce Chouraha, Dhibba Para, Jaisalmer 345001 India",Jaisalmer,India,26.90972,70.91295,"https://maps.google.com/maps?saddr=&daddr=Airforce+Chouraha+Hotel+Tokyo+Palace+Roof+Top+Restaurant+Near+Fort+Near+Fort%2C+Airforce+Chouraha%2C+Dhibba+Para%2C+Jaisalmer+345001+India@26.90972,70.91295",07:00 AM - 11:00 PM,4.5 ,464,HOTEL TOKYO PALACE has a roof-top restaurant which overlooks the Jaisalmer monumental castle.,None,"Television, Highchairs Available, Takeout, Reservations, Outdoor Seating, Buffet, Seating, Parking Available, Street Parking, Free off-street parking, Serves Alcohol, Wine and Beer, Accepts American Express, Accepts Mastercard, Accepts Visa, Digital Payments, Cash Only, Free Wifi, Accepts Credit Cards, Table Service",None
18,The Jaisal Treat,http://the-jaisal-treat.business.site/,"Bera Road Opp Nagarpalika Puskarna, bera road, Jaisalmer 345001 India",Jaisalmer,India,26.903128,70.9127,"https://maps.google.com/maps?saddr=&daddr=Bera+Road+Opp+Nagarpalika+Puskarna%2C+bera+road%2C+Jaisalmer+345001+India@26.903128,70.9127",11:30 AM - 4:30 PM6:30 PM - 10:30 PM,4.5 ,654,None,"Indian, Asian","Gift Cards Available, Takeout, Reservations, Outdoor Seating, Private Dining, Seating, Parking Available, Validated Parking, Wheelchair Accessible, Serves Alcohol, Free Wifi, Accepts Credit Cards, Table Service",None
19,The Lal Garh,http://www.lalgarhfortandpalace.com,"Kalakar Colony Patwa Havali Road, Jaisalmer 345001 India",Jaisalmer,India,26.918715,70.91221,"https://maps.google.com/maps?saddr=&daddr=Kalakar+Colony+Patwa+Havali+Road%2C+Jaisalmer+345001+India@26.918715,70.91221",:  See all hours,5.0 ,753,None,"Indian, Austrian, African",None,None
20,Restaurant Romany,http://www.restaurantromany.com,"Near, On Rooftop Hotel Chirag Haveli , Fort Rd, Dhibba Para On Rooftop Hotel Chirag Haveli, Jaisalmer 345001 India",Jaisalmer,India,26.911203,70.914406,"https://maps.google.com/maps?saddr=&daddr=Near%2C+On+Rooftop+Hotel+Chirag+Haveli+%2C+Fort+Rd%2C+Dhibba+Para+On+Rooftop+Hotel+Chirag+Haveli%2C+Jaisalmer+345001+India@26.911203,70.914406",07:30 AM - 10:30 PM,5.0 ,954,None,"Indian, International, Asian",None,None
21,Free Tibet,http://www.facebook.com/pages/Free-Tibet/502216413290198,"Inside Fort, Jaisalmer India",Jaisalmer,India,26.912378,70.91434,"https://maps.google.com/maps?saddr=&daddr=Inside+Fort%2C+Jaisalmer+India@26.912378,70.91434",07:00 AM - 10:30 PM,4.5 ,"1,265",None,"Chinese, Indian, Asian",None,None
23,Killa Corner,,"Gopa Chowk, Next to Fort Near Fort First Gate, Jaisalmer 345001 India",Jaisalmer,India,26.913578,70.91401,"https://maps.google.com/maps?saddr=&daddr=Gopa+Chowk%2C+Next+to+Fort+Near+Fort+First+Gate%2C+Jaisalmer+345001+India@26.913578,70.91401",08:00 AM - 11:00 PM,4.5 ,274,We serve pure vegetarian food and freshly cooked in Home-Made style. Get amazed by the view of the fort while enjoying your meal in the Golden City.,"Indian, Asian, International","Takeout, Reservations, Outdoor Seating, Seating, Serves Alcohol, Free Wifi, Table Service",None
24,Milan Restaurant,http://www.facebook.com/pages/Milan%20Restaurant%20Jaisalmer%20RJ/1528512047432698/,"Nagar Pariaad, Fort Parking, Jaisalmer 345001 India",Jaisalmer,India,26.91108,70.91489,"https://maps.google.com/maps?saddr=&daddr=Nagar+Pariaad%2C+Fort+Parking%2C+Jaisalmer+345001+India@26.91108,70.91489",10:00 AM - 10:00 PM,4.5 ,290,None,"Indian, Asian","Outdoor Seating, Seating, Table Service, Takeout",None
25,The Hideout Cafe Restaurant,http://www.facebook.com/The-Hideout-Cafe-Restaurant-115850873146715,"On fort , Kotri para Near five metal cannon, Jaisalmer 345001 India",Jaisalmer,India,26.913149,70.91459,"https://maps.google.com/maps?saddr=&daddr=On+fort+%2C+Kotri+para+Near+five+metal+cannon%2C+Jaisalmer+345001+India@26.913149,70.91459",06:00 AM - 11:00 PM,5.0 ,131,"Serving quality food,we ensures that guests receive the same quality with every meal. Clean n hygienic Best scenic view with sunrise and sunset and city view","Chinese, Indian, Fast food, Spanish, Asian, Healthy, Tibetan, Israeli","Takeout, Reservations, Seating, Table Service",None
26,Cafe The Kaku,http://www.cafethekaku.com/,"Patwa Haveli Road Sun Set Point, Suli Dungar, Jaisalmer 345001 India",Jaisalmer,India,26.91508,70.91228,"https://maps.google.com/maps?saddr=&daddr=Patwa+Haveli+Road+Sun+Set+Point%2C+Suli+Dungar%2C+Jaisalmer+345001+India@26.91508,70.91228",09:00 AM - 11:30 PM,4.5 ,704,"Our Resturant Is Situated On Small Hill Known As Sunset Point And From Here Customer Can Enjoy City View Point With Nice Food And Bar Facilities We Do Serve Hookha .its Also Old Heritage Part Of Jaisalmer Fort Around 853 Years Old Castle Main Attraction Of Our Cafe. The kaku A 20-year-old company, which started in a small tea shop on the top of a hill sharing the same name “Kaku”, has been wholeheartedly sparing no dear expense to make each & every valued guest feel full of the joys of spring with lots of beautifully-vivid memories that, as well, present in their gorgeous photo albums. Over a span of 20-sweet years of guest-oriented expertise & seasoned experience, The KAKU would like to present its new gem; Hotel Casa De Kaku (a boutique home) which literally means “Kaku's Home”.",Indian,"Private Dining, Parking Available, Valet Parking, Television, Highchairs Available, Wheelchair Accessible, Free Wifi, Takeout, Reservations, Outdoor Seating, Buffet, Seating, Street Parking, Validated Parking, Serves Alcohol, Digital Payments, Accepts Credit Cards, Table Service",None
27,The Surya Restaurant,http://www.hotelsuryajaisalmer.com,"Fort Rd Near Maharani Palace On Fort Kotri Para, Jaisalmer 345001 India",Jaisalmer,India,26.912619,70.91453,"https://maps.google.com/maps?saddr=&daddr=Fort+Rd+Near+Maharani+Palace+On+Fort+Kotri+Para%2C+Jaisalmer+345001+India@26.912619,70.91453",07:30 AM - 11:00 PM,4.5 ,280,None,"Indian, Asian, Italian","Takeout, Reservations, Outdoor Seating, Seating, Serves Alcohol, Free Wifi, Table Service",None
29,Fotiya's Restaurant Cafe,http://www.hotelfotiyajaisalmer.com/fotiya-restaurant/,"K.l Anchalvanshi Colony, Dedansar Road Malka Pol, Jaisalmer 345001 India",Jaisalmer,India,26.920404,70.90988,"https://maps.google.com/maps?saddr=&daddr=K.l+Anchalvanshi+Colony%2C+Dedansar+Road+Malka+Pol%2C+Jaisalmer+345001+India@26.920404,70.90988",07:00 AM - 11:30 PM,5.0 ,145,"Fotiya's restaurant is located near sunset point offering delicious food with choice of Korean Chinese & Japanese varieties.\ have fort and sunset view from restaurant. we serve breakfast, lunch, & dinner.","Indian, Asian, Korean","Takeout, Reservations, Outdoor Seating, Seating, Parking Available, Street Parking, Serves Alcohol, Accepts Mastercard, Accepts Visa, Cash Only, Free Wifi, Table Service",None
30,1st Gate Home-Fusion,http://www.1stgate.in,"Dhibba Para, Jaisalmer 345001 India",Jaisalmer,India,26.912436,70.91542,"https://maps.google.com/maps?saddr=&daddr=Dhibba+Para%2C+Jaisalmer+345001+India@26.912436,70.91542",07:30 AM - 10:30 PM,4.5 ,631,"At 1st gate Home-Fusion we offer to theguests all the best they deserve: fromfurnishing to full optional service.The 1st gate Home-Fusion Stay has beendesigned and built to depict various ethnicbuilding styles of Jaisalmer city.8 rooms with all modern amenities, 8unique nests where the true comfort ofhome as well as the luxury of a classy hotelmix together to offer a refined, warm andcheering sensation.1st gate Home-Fusion is also offering tothe welcoming guests a total fusion restaurantin between Italian and Indian vegetarianfood, cooked with a fresh vegetables andbest ingredients. So in the food guests could find a fusionconcept: the simplicity of ingredients meetflavors elevation, a perfect balance betweenItalian inspiration and the exotic Indianfascination.Dining on the terrace just infront of Jaisalmer Fort, softlight as well as soft musicwill accompany our guests,enjoying.Open throughout the day and late into thenight, the 1st Gate Lounge Bar will offerexotic fruit cocktails and aperitifs.","Italian, Indian, Pizza, European","Takeout, Reservations, Outdoor Seating, Seating, Parking Available, Highchairs Available, Serves Alcohol, Free Wifi, Accepts Credit Cards, Table Service",None
31,KB Cafe Restaurant,http://www.hotelkillabhawan.com,"Opposite Patwa Haveli, Jaisalmer India",Jaisalmer,India,26.916674,70.91426,"https://maps.google.com/maps?saddr=&daddr=Opposite+Patwa+Haveli%2C+Jaisalmer+India@26.916674,70.91426",08:00 AM - 9:00 PM,4.5 ,164,"Located in downtown Jaisalmer , a delightful place where to sip a drink or have a byte , admiring just next door the most splendid Havelis of the city and in the distant light , the magnificent Fort .Fresh, safe and delicious food, vegetarian only , will be prepared at your order. "" Al dente"" Pasta dishes , Pizzas , Rajasthani Thali , oriental & western snacks , Italian coffe , assorted tea , fresh Lassi , a world to taste and enjoy !! ""","Indian, Cafe, International","Seating, Parking Available, Street Parking, Validated Parking, Serves Alcohol, Wine and Beer, Free Wifi, Takeout, Reservations, Table Service",None
32,Hocus Pocus,https://www.facebook.com/MysticJaisalmer/,"2nd Floor of Mystic Jaisalmer Dhibba Para, Fateh Marg, Jaisalmer 345001 India",Jaisalmer,India,26.912024,70.91811,"https://maps.google.com/maps?saddr=&daddr=2nd+Floor+of+Mystic+Jaisalmer+Dhibba+Para%2C+Fateh+Marg%2C+Jaisalmer+345001+India@26.912024,70.91811",08:30 AM - 10:30 PM,5.0 ,129,"Our Hocus Pocus Mystic Panorama Restaurant, has sweeping views of the stunning Golden Fort and across the City. The Restaurant offers a range of carefully prepared Indian and Italian dishes including excellent pasta and pizza. You will enjoy the serene atmosphere on the terrace, created by relaxing music and candlelight as you dine under the desert stars. We have a range of evening events including: – Folk music and Gypsy dance and Outdoor cinema on the terrace (Bollywood movie with English subtitle) Our restaurant is blessed with an Italian coffee machine; so you will be happy to finally be able to sit and enjoy your favorite cappuccino, espresso or latteâ€¦..something most travelers can only dream of, when traveling in Rajasthan.","Indian, International, Asian","Takeout, Reservations, Outdoor Seating, Buffet, Seating, Street Parking, Free off-street parking, Digital Payments, Free Wifi, Accepts Credit Cards, Table Service, Gift Cards Available",None
35,Fatanstarpalace OnROFTOP RESTAURANTcafe jalmaer,https://fatanstar-palacehotl.business.site/,"Vyasa Pada On Fort, Jaisalmer 345001 India",Jaisalmer,India,26.912235,70.91183,"https://maps.google.com/maps?saddr=&daddr=Vyasa+Pada+On+Fort%2C+Jaisalmer+345001+India@26.912235,70.91183",07:00 AM - 10:00 PM,5.0 ,86,"FATANSTAR PALACE ONROOF TOP RESTAURANT, recommended on the ""Guide du routard"", cooks authentic Rajasthani specialities on charming roof top with a beautiful view of Golden Jaïn temple.","Indian, Pizza, Cafe, Diner","Gift Cards Available, Outdoor Seating, Seating, Serves Alcohol, Table Service, Reservations, Parking Available, Full Bar, Wine and Beer, Free Wifi, Live Music",None
36,The Wanderlust Cafe & Restaurant,http://www.facebook.com/il.guglielmoshr,"Kalakar Colony, Jaisalmer 345001 India",Jaisalmer,India,26.918608,70.91126,"https://maps.google.com/maps?saddr=&daddr=Kalakar+Colony%2C+Jaisalmer+345001+India@26.918608,70.91126",12:00 AM - 12:00 AM06:00 AM - 02:00 AM,5.0 ,92,None,"Indian, Cafe, Asian","Takeout, Reservations, Outdoor Seating, Seating, Free Wifi, Table Service",None
38,Desert Cow Restaurant,http://desertcowjaisalmer.com,"Near Goverment Bus Station Shiv Road Fort Road, Jaisalmer 345001 India",Jaisalmer,India,26.912066,70.90983,"https://maps.google.com/maps?saddr=&daddr=Near+Goverment+Bus+Station+Shiv+Road+Fort+Road%2C+Jaisalmer+345001+India@26.912066,70.90983",07:00 AM - 11:00 PM,5.0 ,70,"Located in the heart of Jaisalmer and with a fabulous view to the city's fort, Desert cow Restaurant is perfect for either backpack travelers and business travelers. Here you can have a true experience of India's culture!","Chinese, Indian, International, Asian, Pizza","Reservations, Seating, Serves Alcohol, Table Service",None
39,Toffu Restaurant,,"Kalakar Colony Near Sun Set Point, Jaisalmer 345001 India",Jaisalmer,India,26.91476,70.91307,"https://maps.google.com/maps?saddr=&daddr=Kalakar+Colony+Near+Sun+Set+Point%2C+Jaisalmer+345001+India@26.91476,70.91307",07:30 AM - 10:00 PM,5.0 ,62,Toffu Restaurant offer you delicious food veg. and Non veg. both. we have indian and western food. we offer free wifi and view of fort. hope you can enjoy our food.,"Indian, Asian, Chinese","Reservations, Parking Available, Street Parking, Cash Only, Table Service, Takeout, Seating",None
40,The Food Plaza,,"Fort Road, Near Fort Parking Near Fort Parking, Jaisalmer 345001 India",Jaisalmer,India,26.910437,70.915245,"https://maps.google.com/maps?saddr=&daddr=Fort+Road%2C+Near+Fort+Parking+Near+Fort+Parking%2C+Jaisalmer+345001+India@26.910437,70.915245",12:00 AM - 11:59 PM,5.0 ,93,None,"Cafe, Fast food, Diner, Chinese, Asian","Delivery, Reservations, Outdoor Seating, Seating, Takeout, Table Service",None
41,Natraj Restaurant,http://www.facebook.com/Natraj-Restaurant-722446454529778,"Town Centre Near Salam Singh Haveli,Jaisalmer, Rajasthan, Jaisalmer 345001 India",Jaisalmer,India,26.913591,70.91588,"https://maps.google.com/maps?saddr=&daddr=Town+Centre+Near+Salam+Singh+Haveli%2CJaisalmer%2C+Rajasthan%2C+Jaisalmer+345001+India@26.913591,70.91588",08:30 AM - 10:30 PM,4.5 ,162,"One of the brilliant place to eat, and the rooftop has a satisfying view of the upper part of the Salim Singh-ki-Haveli next door. We serve pure vegetarian Indian, Chinese, continental, Rajasthani food","Chinese, Pizza, Indian, Asian","Delivery, Takeout, Outdoor Seating, Free Wifi, Buffet, Seating, Free off-street parking, Wine and Beer, Accepts Mastercard, Accepts Visa, Digital Payments, Cash Only, Table Service, Reservations, Serves Alcohol",None
43,Dosa Corner,,"Gopa Chok opp to bhang shop and fruit market, near Banyan tree, Jaisalmer 345001 India",Jaisalmer,India,26.913607,70.91382,"https://maps.google.com/maps?saddr=&daddr=Gopa+Chok+opp+to+bhang+shop+and+fruit+market%2C+near+Banyan+tree%2C+Jaisalmer+345001+India@26.913607,70.91382",08:30 AM - 1:30 PM5:00 PM - 9:30 PM,5.0 ,71,None,"Indian, Fast food, Asian","Takeout, Wheelchair Accessible",None
46,Fredy Foods Jaisalmer,http://www.fredyfoods.com/,"Dhibba Para Near axis bank atm, Jaisalmer 345001 India",Jaisalmer,India,26.911406,70.91499,"https://maps.google.com/maps?saddr=&daddr=Dhibba+Para+Near+axis+bank+atm%2C+Jaisalmer+345001+India@26.911406,70.91499",11:00 AM - 10:00 PM,5.0 ,76,"We are a cafe seeving pizzas,sandwiches,wraps etc We do deliver food at railway station,hotels and home","Indian, Pizza, Cafe, Fast food","Delivery, Takeout, Reservations, Seating, Table Service",None
48,Sunset Palace,http://sunset-restaurant-jaisalmer.web.app/?fbclid=IwAR2mAumR9cRmxF-vFpS-KFkQui1jAxu73Yn0pOlSvu0gJJN_0LZP4XbYSIE,"On Fort, Next To Jain Temples Near Hotel Suraj, Jaisalmer 345001 India",Jaisalmer,India,26.9118,70.91122,"https://maps.google.com/maps?saddr=&daddr=On+Fort%2C+Next+To+Jain+Temples+Near+Hotel+Suraj%2C+Jaisalmer+345001+India@26.9118,70.91122",07:00 AM - 11:00 PM,4.5 ,85,It is in the Fort of jaisalmer. and just few steps from Hotel Suraj where we stayed.,Indian,"Outdoor Seating, Seating, Serves Alcohol, Takeout, Reservations, Table Service",None
49,Zoya Ka Zayeka,http://zoyakazayeka.weebly.com,"Shiv Road Near Axis Bank, Jaisalmer 345001 India",Jaisalmer,India,26.924095,70.90744,"https://maps.google.com/maps?saddr=&daddr=Shiv+Road+Near+Axis+Bank%2C+Jaisalmer+345001+India@26.924095,70.90744",09:00 AM - 10:30 PM,5.0 ,69,"Zoya Ka Zayeka is rooftop restaurant located at City Centre Near Axis Bank Shiv Road Jaisalmer With amzaing Fort view and Sunset view.Zoya ka zayeka serves home made fresh food of indian, continental, & chinese. The roof top view ofJaisalmer Fort is awesome and one can also take romantic candle light dinner with light music.You can see the sunrise and sunset from Roof top. We are running our restaurant with a cause ""Women Empowerment"" so we hiring Ladies Staff from local village and town of Jaisalmer . In Jaisalmer we want to bring the ladies and womens in front so they can stand on their feets and get exposure. Our Motto is to serve good food with a cause that womens are not behind in any field , if they get support from all the Guests like you. ""Beti Bachao , Beti Padhao-( save girl child & let them grow and study)","Cafe, Indian, Italian, Chinese, Fast food","Delivery, Takeout, Reservations, Seating, Parking Available, Street Parking, Accepts Mastercard, Accepts Visa, Free Wifi, Free off-street parking, Digital Payments, Cash Only, Table Service, Buffet, Accepts Credit Cards",None
50,Angaara Restaurant And Barbeque,http://www.facebook.com/Angaara-Restaurant-And-Barbeque-2292199930820047/,"Near Air Force Circle Dhibba Para, Jaisalmer 345001 India",Jaisalmer,India,26.909859,70.91318,"https://maps.google.com/maps?saddr=&daddr=Near+Air+Force+Circle+Dhibba+Para%2C+Jaisalmer+345001+India@26.909859,70.91318",08:30 AM - 10:30 PM,5.0 ,55,"Aangara Restaurant And Barbeque offers a range of delicious food to our customers. We regularly serve Breakfast, Lunch and Dinner at a great price, and We also offer food especially catered to senior citizens and to the health conscious. We cordially invite you to our restaurant. It combines tradition with modernity in an exceptional way. Its interior is unique with old bamboo walls which have been preserved and they have been ingeniously blended with the modern decor. We mainly serve traditional cuisine and add variety to our menu according to the season. We can satisfy even the most sophisticated culinary expectations of our customers. We provide a professional service.","Indian, Cafe, European, Asian, Australian","Reservations, Seating, Table Service, Parking Available, Free off-street parking, Wine and Beer, Digital Payments, Free Wifi, Accepts Credit Cards",None
52,Adonai Coffee Shop Jaisalmer,http://adonaicoffee.com,"Fort Road, Gopa Chowk Near the Main Gate of the Fort, Rajasthan 345001, Jaisalmer 345001 India",Jaisalmer,India,26.91356,70.914024,"https://maps.google.com/maps?saddr=&daddr=Fort+Road%2C+Gopa+Chowk+Near+the+Main+Gate+of+the+Fort%2C+Rajasthan+345001%2C+Jaisalmer+345001+India@26.91356,70.914024",8 min:  See all hours,5.0 ,37,"Adonai Coffee Co is a specialty coffee shop in the heart of Jaisalmer. Our aim is to serve the best cup of coffee we possibility can, by providing our baristas with world class training at Australian Barista standards. We invite you to come and try what could possibly be the best cup of coffee you've had!",Cafe,Takeout,None
53,The Trio,http://royaldesertcamp.in/trio-restautant,"Gandhi Chowk, Jaisalmer 345001 India",Jaisalmer,India,26.916088,70.9104,"https://maps.google.com/maps?saddr=&daddr=Gandhi+Chowk%2C+Jaisalmer+345001+India@26.916088,70.9104",07:30 AM - 10:30 PM,4.0 ,902,None,"Indian, Asian","Free Wifi, Reservations, Outdoor Seating, Buffet, Seating, Accepts Credit Cards, Table Service, Live Music",None
54,Karma Cafe,,"On Fort,Near Hawa Pol Near Malka Prol, Jaisalmer 345001 India",Jaisalmer,India,26.919641,70.912605,"https://maps.google.com/maps?saddr=&daddr=On+Fort%2CNear+Hawa+Pol+Near+Malka+Prol%2C+Jaisalmer+345001+India@26.919641,70.912605",08:00 AM - 11:00 PM,5.0 ,72,None,"Cafe, Indian, Middle Eastern","Takeout, Seating, Free Wifi, Table Service",None
55,Chaisalmer,http://www.chaisalmer.com,"Grand Khalifa 2nd floor of Mystic Jaisalmer, Dhibba Para, Jaisalmer 345001 India",Jaisalmer,India,26.91036,70.91277,"https://maps.google.com/maps?saddr=&daddr=Grand+Khalifa+2nd+floor+of+Mystic+Jaisalmer%2C+Dhibba+Para%2C+Jaisalmer+345001+India@26.91036,70.91277",08:00 AM - 11:30 PM,5.0 ,41,"A place to experience a Chai and Italian Coffee in a delightful mystic way, sharing beautiful moments with interesting people from all over the world.","Indian, International, Fast food, Italian","Takeout, Reservations, Outdoor Seating, Seating, Street Parking, Free off-street parking, Free Wifi, Accepts Credit Cards, Table Service, Buffet, Private Dining, Parking Available, Valet Parking, Highchairs Available, Serves Alcohol, Digital Payments, Cash Only, Live Music, Jazz Bar, Drive Thru, BYOB, Dog Friendly, Family style, Gift Cards Available",None
57,Fort View Restaurant,,"Central Market On Roof Top Of Hotel Fort View Fort 1st Gate Central Market Gopa Chowk, Jaisalmer 345001 India",Jaisalmer,India,26.913607,70.913994,"https://maps.google.com/maps?saddr=&daddr=Central+Market+On+Roof+Top+Of+Hotel+Fort+View+Fort+1st+Gate+Central+Market+Gopa+Chowk%2C+Jaisalmer+345001+India@26.913607,70.913994",12:00 AM - 11:59 PM,4.5 ,93,"ABOUT HOTEL - hotel fort view since 1983 hotel fort view are oldest property in jaisalmer hotel fort view recomnded by lonely plante hotel fort view your 2nd jaisalmer home our hotel room perfect all traveler,s we 6 double bed rooms and 2 four bed room all rome have free wifi four bed room perfect fort view e Enjoy our multi-cuisine roof top restaurant for a meal overlooking the breathtaking fort, or just relax on the terrace with a cup of chai and watch the world go by! h (HOTEL FORT VIEW CAMEL SAFARI) FORT VIEW CAMEL SAFARI 1ST CAMEL SAFARI ORGANIZER I N TOWN SINCE 1983 WE ARE ARRANGE Day Tours/ Sleeping Under the Stars: Experience the true soul of this enchanting land by adventuring out into the Thar desert on one of our many safari packages. On our most popular overnight safari, you will enjoy a 45 km ride by jeep through the desert followed by an hour long camel ride to your camp in the dunes where you will watch the magnificent sunset and have a traditional Rajastha",Indian,"Outdoor Seating, Seating, Free Wifi, Table Service, Takeout, Buffet, Parking Available, Street Parking, Wine and Beer, Digital Payments",None
58,Helsinki House - Roof Top Restaurant,http://www.helsinkihouse.in,"Bera Road Opposite Nagar Palika, Postal Colony, Jaisalmer 345001 India",Jaisalmer,India,26.903341,70.91293,"https://maps.google.com/maps?saddr=&daddr=Bera+Road+Opposite+Nagar+Palika%2C+Postal+Colony%2C+Jaisalmer+345001+India@26.903341,70.91293",07:30 AM - 11:30 PM,5.0 ,45,"On the Roof Top of ""Helsinki House"" hotel You will find a cozy restaurant with classic interior, dominant with calm and warm colors and as well as Amazing View of the Jaisalmer Fort and Desert. The restaurant could serve up to 60 persons at the same time. Working hours are from 7:30 AM to 11:00 PM. Breakfast form 7:30 AM to 10:30 AM, Lunch from 12 PM to 03:30 PM and Dinner From 06:00 PM to 11 PM.","Indian, International, Asian, Cafe","Parking Available, Street Parking, Free off-street parking, Accepts Mastercard, Accepts Visa, Digital Payments, Free Wifi, Accepts Discover, Table Service, Takeout, Reservations, Outdoor Seating, Private Dining, Seating",None
59,Royal Restaurant Jaisalmer,http://royalhavelirestaurent.square.site/,"Hotel Royal Haveli 2nd Flour Near Desert Boy's Dhani, Dhibba Para Air Force Circle, Jaisalmer 345001 India",Jaisalmer,India,26.909704,70.9132,"https://maps.google.com/maps?saddr=&daddr=Hotel+Royal+Haveli+2nd+Flour+Near+Desert+Boy%27s+Dhani%2C+Dhibba+Para+Air+Force+Circle%2C+Jaisalmer+345001+India@26.909704,70.9132",06:00 AM - 11:00 PM,4.5 ,61,"ROYAL RESTAURANT JAISALMER is an exquisite fine dines restaurant offering delicious flavors from all across the globe… Fusion, Indian, Oriental, Mediterranean cuisines. Perfect place for – Breakfast, Lunch & Dinner. Corporate lunches, Conference – Meetings, Kitty parties, Birthday & Anniversary celebrations. Chill out with friends & family and relish your taste buds. we look forward to welcoming you and your family to an adventure in great eating and astonishing surroundings!!!. It is a pure veg restaurant with the best view of the golden fort & all cousins are available here. also, we have 50 covers with an A/C family dining hall and take memorable dinner in front of the golden fort. we have 300 pax setting arrangements. especially setting","Indian, Chinese","Takeout, Outdoor Seating, Seating, Parking Available, Serves Alcohol, Full Bar, Wine and Beer, Accepts American Express, Accepts Mastercard, Accepts Visa, Digital Payments, Cash Only, Free Wifi, Street Parking, Free off-street parking, Table Service, Reservations, Accepts Credit Cards, Gift Cards Available",None
60,Cafe Eat Street,http://www.facebook.com/Cafe-Eat-Street-940625199309303,"Dhibaa Para Fort Parking Opp. National Handloom, Jaisalmer 345001 India",Jaisalmer,India,26.910946,70.91488,"https://maps.google.com/maps?saddr=&daddr=Dhibaa+Para+Fort+Parking+Opp.+National+Handloom%2C+Jaisalmer+345001+India@26.910946,70.91488",07:15 AM - 11:00 PM,5.0 ,60,None,"Indian, Chinese, International","Takeout, Seating, Wheelchair Accessible",None
61,Blues Cafe,http://www.aryahaveli.com,"Main Pura Rd Opp. Trio Restaurant Gandhi Chowk, Jaisalmer 345001 India",Jaisalmer,India,26.91216,70.910866,"https://maps.google.com/maps?saddr=&daddr=Main+Pura+Rd+Opp.+Trio+Restaurant+Gandhi+Chowk%2C+Jaisalmer+345001+India@26.91216,70.910866",09:00 AM - 11:00 PM,4.5 ,149,"Blues café is a small and cozy rooftop café where you can enjoy beautiful view of Jaisalmer together with good music and tasty food. Our menu is not big, we have some Indian and Italian dishes and some snacks, but everything is fresh and homemade. But our biggest speciality are fresh juices and espresso coffee made from freshly ground beans. There is always good music of all genres (jazz, blues, electronic, minimal, reggae, hip-hop, ...) playing in the background and we will be more that happy if you also share your favourite music with us! So whenever you are bored of wandering around or just simply want to relax, come to our place and feel like home. We are open till late hours!","Cafe, Indian","Takeout, Outdoor Seating, Buffet, Seating, Street Parking, Free off-street parking, Cash Only, Free Wifi, Delivery, Reservations",None
62,Jaisal Italy,http://www.jaisalitaly.com/,"Akhey Pol, First Gate of the Fort, Jaisalmer 345001 India",Jaisalmer,India,26.913368,70.914116,"https://maps.google.com/maps?saddr=&daddr=Akhey+Pol%2C+First+Gate+of+the+Fort%2C+Jaisalmer+345001+India@26.913368,70.914116",08:00 AM - 11:00 PM,3.5 ,608,None,"Italian, Indian, Pizza","Reservations, Outdoor Seating, Seating, Serves Alcohol, Free Wifi, Accepts Credit Cards, Table Service",None
64,Ranveer Cafe & Food,https://www.facebook.com/ranveercafe/,"Fort parking near 1 gait Hotal Jaislmer, Jaisalmer 345001 India",Jaisalmer,India,26.912558,70.9152,"https://maps.google.com/maps?saddr=&daddr=Fort+parking+near+1+gait+Hotal+Jaislmer%2C+Jaisalmer+345001+India@26.912558,70.9152",07:00 AM - 11:00 PM,4.5 ,75,"Ranveer Cafe & foods is at the same time a Cafe and a fast food restaurant. We offer authentic Indian, Chinese, Italian, Mexican food to Rajasthani meals that are served in a fast and friendly manner. Experience the charm of Golden fort and desert.","Indian, Pizza","Takeout, Seating, Digital Payments, Cash Only, Free Wifi, Table Service, Delivery, Parking Available",None
65,The Kebab Corner,http://www.facebook.com/pages/category/Indian-Restaurant/Kabab-corner-336523876533381,"Fort Road Near Hotel Gorakh Haveli, Jaisalmer 345001 India",Jaisalmer,India,26.919037,70.91173,"https://maps.google.com/maps?saddr=&daddr=Fort+Road+Near+Hotel+Gorakh+Haveli%2C+Jaisalmer+345001+India@26.919037,70.91173",08:00 AM - 11:30 PM,4.5 ,168,"Delicious taste of Desert (A Heritage Taste of Rajsthan) We Serve All Type of Indian, Chinese,Continental, Italian, Best Food. (Special.Dal-Bati-Choorma & All Maas) ,..Our Facilities,.... Hom delivery Roof top A/C Dining Hall Private family setting Royal setting Folk Dance & Folk Songs Conference Hall. Huka parlour. Party Hall","Italian, Chinese, Indian, Asian, Malaysian","Takeout, Outdoor Seating, Buffet, Seating, Parking Available, Free off-street parking, Television, Cash Only, Street Parking, Table Service, Delivery, Reservations, Serves Alcohol, Digital Payments, Family style",None
66,Paradise Rooftop café & restaurant,http://www.paradiseonfort.com,"Jaisalmer Fort Janga Para Opposite Royal Place, Jaisalmer 345001 India",Jaisalmer,India,26.912453,70.914,"https://maps.google.com/maps?saddr=&daddr=Jaisalmer+Fort+Janga+Para+Opposite+Royal+Place%2C+Jaisalmer+345001+India@26.912453,70.914",08:00 AM - 10:00 PM,5.0 ,38,"Paradise rooftop café restaurant is located inside the fort. this is the only restaurant inside the fort have A/C dining hall facilities for the customers , also roof top restaurant facility here . beautiful view of fort and city from roof .Wi - Fi connectivity service for customers. delicious food with friendly atmosphere .","Indian, Cafe, Italian, Chinese","Delivery, Outdoor Seating, Serves Alcohol, Table Service, Reservations, Buffet, Private Dining, Seating, Parking Available, Street Parking, Valet Parking, Free off-street parking, Television, Wine and Beer, Digital Payments, Free Wifi, Accepts Credit Cards, Live Music",None
67,D'Desi Aroma Restaurant,http://www.ddesiaroma.in,"Ramgarh Road Opp Shiv Madi Mandir, Jaisalmer 345001 India",Jaisalmer,India,26.944931,70.88949,"https://maps.google.com/maps?saddr=&daddr=Ramgarh+Road+Opp+Shiv+Madi+Mandir%2C+Jaisalmer+345001+India@26.944931,70.88949",11:00 AM - 11:00 PM,4.5 ,123,"D Desi Aroma meaning taste in India , blends Rajasthani and Chinese to create a casual dining experiences with higher level of creativity. Savour our local favourites along with cuisiness.We are serving best food with good amenities like pool, garden and huts. Best restaurant in jaisalmer. We provide Indian, South Indian, Chinese, Mexican foods with peaceful and natural environment.","Chinese, Indian, Asian","Reservations, Outdoor Seating, Private Dining, Seating, Parking Available, Validated Parking, Wheelchair Accessible, Table Service",None
68,Royal Rasoi,http://www.facebook.com/Royal-Rasoi-173009599519494/,"Fort Road, across from Hotel Sohan Deep, Jaisalmer India",Jaisalmer,India,26.910103,70.915115,"https://maps.google.com/maps?saddr=&daddr=Fort+Road%2C+across+from+Hotel+Sohan+Deep%2C+Jaisalmer+India@26.910103,70.915115",11:30 AM - 3:30 PM6:30 PM - 11:30 PM,4.5 ,91,None,"Indian, Asian","Takeout, Seating, Table Service, Delivery, Reservations",None
70,Ristorante Italiano Om,http://ristorante-italiano-om.webs.com/,"Kund para near the Laxminath Temple on fort, Jaisalmer 345001 India",Jaisalmer,India,26.912928,70.911705,"https://maps.google.com/maps?saddr=&daddr=Kund+para+near+the+Laxminath+Temple+on+fort%2C+Jaisalmer+345001+India@26.912928,70.911705",:  See all hours,4.0 ,187,None,"Italian, Indian, Pizza","Outdoor Seating, Seating, Serves Alcohol, Table Service, Delivery, Reservations",None
71,Desert Boy's Dhani,http://www.facebook.com/pages/Desert-boys-Dhani/1446271365603707,"Near Nagar Palika, Jaisalmer 345001 India",Jaisalmer,India,26.909706,70.913734,"https://maps.google.com/maps?saddr=&daddr=Near+Nagar+Palika%2C+Jaisalmer+345001+India@26.909706,70.913734",08:00 AM - 11:30 PM,4.0 ,324,None,"Indian, Asian","Takeout, Reservations, Outdoor Seating, Seating, Wheelchair Accessible, Table Service, Parking Available, Live Music",None
73,3d Cafe lounge restaurant,http://www.facebook.com/3dcafe,"Gandhi Chowk Rd, Sadar Bazar, Jaisalmer 345001 India",Jaisalmer,India,26.916649,70.911255,"https://maps.google.com/maps?saddr=&daddr=Gandhi+Chowk+Rd%2C+Sadar+Bazar%2C+Jaisalmer+345001+India@26.916649,70.911255",12:00 AM - 11:59 PM,5.0 ,30,"hi every one this is the our 3D cafe in golden city of jaisalmer we server in our cafe Chinese,italian .mexican indian,bar. loung ,fusion ,vegetearian ,friendly , vegan options , gluten free options. dinning hall with up stairs have beautiful view of the golden fort and city ..","Italian, Chinese, Indian, Cafe","Reservations, Table Service, Delivery, Buffet, Seating, Parking Available, Cash Only",None
75,The Lio Pizza Jaisalmer,https://facebook.com/pg/theliopizzajaisalmer/menu/,"Shop Number 490, Gopa Chowk, Jaisalmer Fort, Jaisalmer 345001 India",Jaisalmer,India,26.913607,70.913994,"https://maps.google.com/maps?saddr=&daddr=Shop+Number+490%2C+Gopa+Chowk%2C+Jaisalmer+Fort%2C+Jaisalmer+345001+India@26.913607,70.913994",11:00 AM - 11:00 PM,5.0 ,20,The Lio Pizza Jaisalmer is the first pizza restaurant in the Golden City located at Gopa Chowk. Ready to serve an array of delicacies.,"Italian, Pizza",None,None
76,Bikaner Restaurant,,"Near Geeta Ashram Circle Hanuman Circle Road, Jaisalmer 345001 India",Jaisalmer,India,26.9184,70.90908,"https://maps.google.com/maps?saddr=&daddr=Near+Geeta+Ashram+Circle+Hanuman+Circle+Road%2C+Jaisalmer+345001+India@26.9184,70.90908",07:00 AM - 11:00 PM,4.5 ,71,Bikaner Restaurant Jaisalmer’s oldest garden restaurant fully ac lounge and dining area. provide 100% vegetarian food,"Chinese, Indian, Pizza, Fast food, Asian, Healthy","Delivery, Takeout, Reservations, Outdoor Seating, Seating, Validated Parking, Table Service",None
81,Heritage House Rooftop Restaurant,http://www.hotelheritagehouse.com,"583, 584 Hotel Heritage House Anchalvanshi Colony Anchalvanshi Colony, Jaisalmer 345001 India",Jaisalmer,India,26.92329,70.90879,"https://maps.google.com/maps?saddr=&daddr=583%2C+584+Hotel+Heritage+House+Anchalvanshi+Colony+Anchalvanshi+Colony%2C+Jaisalmer+345001+India@26.92329,70.90879",07:30 AM - 10:30 PM,5.0 ,26,Heritage Rooftop Restaurant Jaisalmer offers best food in Jaisalmer city with great ambiance and stunning view of Jaisalmer Fort and city.,"Indian, American, International, Asian, Arabic","Table Service, Delivery, Reservations, Outdoor Seating, Private Dining, Seating, Parking Available, Street Parking, Free off-street parking, Television, Serves Alcohol, Wine and Beer, Digital Payments, Free Wifi",None
83,Kanishka Restaurant,http://www.kanishkarestaurant.in,"C. V. S. Collony, Jaisalmer India",Jaisalmer,India,26.916632,70.90523,"https://maps.google.com/maps?saddr=&daddr=C.+V.+S.+Collony%2C+Jaisalmer+India@26.916632,70.90523",07:00 AM - 11:00 PM,4.5 ,79,None,"Indian, Asian","Takeout, Seating, Table Service, Delivery, Reservations",None
87,Restaurant Yokoso Jaisalmer,http://www.facebook.com/RestaurantYokosoJaisalmer,"Gandhi Chowk, Main Pura Rd, Jaisalmer 345001 India",Jaisalmer,India,26.909403,70.91254,"https://maps.google.com/maps?saddr=&daddr=Gandhi+Chowk%2C+Main+Pura+Rd%2C+Jaisalmer+345001+India@26.909403,70.91254",08:00 AM - 11:00 PM,5.0 ,25,None,"Italian, Chinese, American, Indian, Tibetan","Table Service, Seating",None
88,Maharaja Restaurant,http://maharajarestaurant.in/,"Hanuman Chauraha Yogesh and Company, Jaisalmer 345001 India",Jaisalmer,India,26.91786,70.90862,"https://maps.google.com/maps?saddr=&daddr=Hanuman+Chauraha+Yogesh+and+Company%2C+Jaisalmer+345001+India@26.91786,70.90862",11:00 AM - 11:00 PM,4.5 ,45,"By Puskarna Brahamin Lauj since 1993. The Royal Thali Plaza.Maharaja Restaurant is pure veg restaurant with Air Conditioned environment and special sitting facility for family. We also arrange Birthday, Kitty Parties and Buffey System. We use Kent RO Water.","Indian, Asian","Seating, Table Service",None
90,Midtown restaurant,http://www.midtownjaisalmer.co.in,"Gopa Chowk Main Gopa Chowk, Jaisalmer 345001 India",Jaisalmer,India,26.91398,70.91399,"https://maps.google.com/maps?saddr=&daddr=Gopa+Chowk+Main+Gopa+Chowk%2C+Jaisalmer+345001+India@26.91398,70.91399",07:00 AM - 11:00 PM,4.0 ,104,"Welcome to JAISALMER(Rajasthan) City. MIDTOWN RESTAURANT in Jaisalmer. Restaurant leading since 16 October 1993. We are presenting our special menu with great Indian, Chinese, Continental, Italian food in rajasthnai cuisine. The city of Jaisalmer has a rich cultural heritage and thus it boasts of a rich cuisine as well. The western part of India has a distinct food culture of its own and it is very different from the other Indian cuisines. MIDTOWN RESTAURANT is one of the most famous restaurants serving authentic Rajasthani cuisine. Sun rise from our roof top. Watch rare sunrise and natural light reflection on golden fort.","Asian, Italian, Indian","Takeout, Reservations, Seating, Table Service",None
91,Jaisal Cafe,,"Khejer Para, Manak Chowk, Amar Sagar Pol Jaisalmer Fort, Jaisalmer 345001 India",Jaisalmer,India,26.9123,70.91456,"https://maps.google.com/maps?saddr=&daddr=Khejer+Para%2C+Manak+Chowk%2C+Amar+Sagar+Pol+Jaisalmer+Fort%2C+Jaisalmer+345001+India@26.9123,70.91456",12:00 AM - 11:59 PM,5.0 ,24,"Our place inside the old fort and enjoys spectacular views towards the Thar desert, Gadisar Lake and the city of Jaisalmer. You will enjoy your stay because of breathtaking sunsets, the wide range of international dishes and our traditional Rajasthani interior decoration.also five years old house. This house in Bollywood movie too,","Indian, Cafe, Italian, Chinese, Tibetan",Reservations,None
92,Restaurant Desert Bite,http://www.facebook.com/profile.php?id=100044607026382,"Seemagram Swarajya Campus Inside Fort, Jaisalmer 345001 India",Jaisalmer,India,26.909592,70.91464,"https://maps.google.com/maps?saddr=&daddr=Seemagram+Swarajya+Campus+Inside+Fort%2C+Jaisalmer+345001+India@26.909592,70.91464",09:00 AM - 11:00 PM,4.5 ,35,None,"Indian, Fast food, Asian","Takeout, Reservations, Table Service, Seating",None
93,The Local Food Restaurant,http://thelocalfoodrestaurant.business.site/,"Amar Sagar Road Near Amar Sagar Jain Temple, Jaisalmer 345001 India",Jaisalmer,India,26.926577,70.87158,"https://maps.google.com/maps?saddr=&daddr=Amar+Sagar+Road+Near+Amar+Sagar+Jain+Temple%2C+Jaisalmer+345001+India@26.926577,70.87158",12:00 AM - 11:59 PM,5.0 ,16,We at The Local Food Restaurant are apecialised for our local rajasthani Food with cook by our rajasthani chef. We also offer Indian and chinese food .,"Chinese, Indian, Asian, Diner","Delivery, Reservations, Outdoor Seating, Private Dining, Seating, Parking Available, Valet Parking, Free off-street parking, Digital Payments, Free Wifi, Table Service, Playgrounds, Dog Friendly, Family style, Non-smoking restaurants",None
94,New Kissan Restaurant,http://www.facebook.com/RelishTeignmouth/,"Air force circle Near hotel tokyo place, Jaisalmer 345001 India",Jaisalmer,India,26.908855,70.912415,"https://maps.google.com/maps?saddr=&daddr=Air+force+circle+Near+hotel+tokyo+place%2C+Jaisalmer+345001+India@26.908855,70.912415",08:00 AM - 11:00 PM,4.5 ,35,Kissan resturent is a local resturent which you find very easy locoted near tokyo place hotel we sareve indian vegitrain and non vegitraian food And Our cook have more then 10 years experince about how to make good testy food As well as we have cold drincks,"Chinese, Asian, South American, Colombian, Italian, Indian","Takeout, Reservations, Seating, Wheelchair Accessible, Table Service",None
95,Tripti restaurant,,"Dhiba Para Near National Handloom, Jaisalmer 345001 India",Jaisalmer,India,26.911173,70.914925,"https://maps.google.com/maps?saddr=&daddr=Dhiba+Para+Near+National+Handloom%2C+Jaisalmer+345001+India@26.911173,70.914925",09:00 AM - 11:00 PM,5.0 ,22,None,"Italian, Chinese, Indian","Reservations, Delivery, Outdoor Seating, Private Dining, Seating, Parking Available, Free off-street parking, Free Wifi, Table Service",None
97,The Meera Restaurant,https://www.facebook.com/Meera-Food-Court-254684981939901/,"Main Road,Gadisar circle Gadisar lake Parking, Jaisalmer 345001 India",Jaisalmer,India,26.910503,70.9197,"https://maps.google.com/maps?saddr=&daddr=Main+Road%2CGadisar+circle+Gadisar+lake+Parking%2C+Jaisalmer+345001+India@26.910503,70.9197",10:00 AM - 11:00 PM,5.0 ,24,"Meera Food is the AC Restaurant providing Multi Cuisine dishes with a visible kitchen, adopting the fast food concept.We provide you the fastest home delivery in the town.In the couple of years it became the rage of the town. This restaurant is a milestone for people who wanted to have the street food in a neat and clean environment. Meera Food is having AC Dining Hall, Open Courtyard, AC Conference Hall and AC Banquet Hall.","Chinese, Indian, Italian, Cafe, Fast food, Asian, Soups","Takeout, Reservations, Seating, Accepts Credit Cards, Table Service, Delivery, Digital Payments",None
98,Cafe Daa,,"Hawa Pol On Fort, Jaisalmer 345001 India",Jaisalmer,India,26.913012,70.91333,"https://maps.google.com/maps?saddr=&daddr=Hawa+Pol+On+Fort%2C+Jaisalmer+345001+India@26.913012,70.91333",07:00 AM - 10:00 PM,5.0 ,17,None,"Cafe, Italian","Seating, Free Wifi, Table Service",None
99,Bhatia Sweets,,"Shiv Road Near Gopa Chowk, Jaisalmer 345001 India",Jaisalmer,India,26.91245,70.91104,"https://maps.google.com/maps?saddr=&daddr=Shiv+Road+Near+Gopa+Chowk%2C+Jaisalmer+345001+India@26.91245,70.91104",07:15 AM - 9:45 PM,4.5 ,34,None,Indian,Takeout,None
103,Daawat Restaurant,http://www.thegrandkhalifa.com,"Near Airforce Circle Fort Road Dhibba Para Jaisalmer, Jaisalmer 345001 India",Jaisalmer,India,26.91025,70.91252,"https://maps.google.com/maps?saddr=&daddr=Near+Airforce+Circle+Fort+Road+Dhibba+Para+Jaisalmer%2C+Jaisalmer+345001+India@26.91025,70.91252",12:00 AM - 11:59 PM,5.0 ,14,"The Restaurant will deliver freshlyand on the spor made delicous food items to the customer , This Restaurant will be inaugurated in indian non veg The spcialties if the restaurant will be Changezi Chicken . Chicken Afghani Chicken seekh kabab chicken Malai Tikka will be offered in different styles and flvours .side dishes will aso be offered, menu it will be a family Restaurant","Indian, Italian, Chinese, American, Middle Eastern, Afghani","Table Service, Reservations, Seating",None
105,Lake View Restaurant,http://www.hotelsurja.com,"On Top of Hotel Surja, Jaisalmer, Rajasthan, Jaisalmer 345001 India",Jaisalmer,India,26.912745,70.9144,"https://maps.google.com/maps?saddr=&daddr=On+Top+of+Hotel+Surja%2C+Jaisalmer%2C+Rajasthan%2C+Jaisalmer+345001+India@26.912745,70.9144",09:00 AM - 10:00 PM,4.0 ,97,None,"Indian, Pizza, International","Outdoor Seating, Seating, Takeout, Reservations, Serves Alcohol, Table Service",None
107,The Art Bliss,http://wonbinsafari.com/wonbin-safari-restaurant.aspx,"Wonbin Safari Hostel Near Fort, Dhibba Para, Jaisalmer 345001 India",Jaisalmer,India,26.910686,70.911995,"https://maps.google.com/maps?saddr=&daddr=Wonbin+Safari+Hostel+Near+Fort%2C+Dhibba+Para%2C+Jaisalmer+345001+India@26.910686,70.911995",:  See all hours,5.0 ,16,"The Art Bliss cafe is now in the Golden City of India - Jaisalmer. We have delicious food, humble staff, great view and lovely vibes. Enjoy our rooftop restaurant with the beautiful views of the fort and city. We are very close to the city centre. Come once, feel like staying forever. Enjoy Life. Happy Life.","Italian, Chinese, American, Indian","Reservations, Table Service, Seating",None
108,Moonlight Restaurant (Pure Vegetarian),http://moonlighthotelresort.com/,"Hanuman Circle at Hotel Moonlight, Opp. Head Post Office, Jaisalmer 345001 India",Jaisalmer,India,26.91592,70.90832,"https://maps.google.com/maps?saddr=&daddr=Hanuman+Circle+at+Hotel+Moonlight%2C+Opp.+Head+Post+Office%2C+Jaisalmer+345001+India@26.91592,70.90832",07:30 AM - 10:30 PM,4.0 ,38,"Experience the difference!!! Quality of Veg. Foods… Romantic Candlelight Dinner!!! Musical atmosphere… The Staff is Attentive, Friendly & Professional!!! Where upscale nightlife is define… Perfect for your next event !!!","Indian, Chinese, Pizza, Asian","Takeout, Seating, Parking Available, Valet Parking, Digital Payments, Free Wifi, Accepts Credit Cards, Delivery, Reservations, Outdoor Seating, Table Service",None
109,Shiva Café,http://shivacamelsafari.com/cafe,"Inside the Fort, Kund Para Near Laxminath Ji Temple, Jaisalmer 345001 India",Jaisalmer,India,26.91341,70.912285,"https://maps.google.com/maps?saddr=&daddr=Inside+the+Fort%2C+Kund+Para+Near+Laxminath+Ji+Temple%2C+Jaisalmer+345001+India@26.91341,70.912285",08:00 AM - 11:00 PM,4.5 ,46,"Part of Shiva Guest House, our cafe offers delicious home cooked food for breakfast, lunch and dinner. We serve Indian, Chinese, Italian food as well as Rajasthani specials and soups, salads, pancakes, sandwiches, omelettes and drinks. The perfect place to spend a calm sunny afternoon relaxing inside the old fort.","Italian, Cafe, Indian","Takeout, Seating, Buffet, Cash Only, Free Wifi, Delivery, Reservations",None
111,HALO Jaisalmer,,"1339, near Gaj Mandir, Gadisar talab, Jaisalmer 345001 India",Jaisalmer,India,26.90928,70.923065,"https://maps.google.com/maps?saddr=&daddr=1339%2C+near+Gaj+Mandir%2C+Gadisar+talab%2C+Jaisalmer+345001+India@26.90928,70.923065",09:30 AM - 10:00 PM,4.5 ,18,"Khamma Ghani Jaisalmer! HALO Jaisalmer is the coolest and only lake view cafe in the golden city Jaisalmer, India. We offer a fantastic range of contemporary cuisine with delicious food, refreshing drinks and above all, a relaxing yet happening vibe at the city's one of the most iconic destinations, The Gadisar Lakefront.","Indian, Cafe, Italian, Mexican","Seating, Outdoor Seating, Parking Available, Street Parking, Digital Payments, Cash Only, Free Wifi, Table Service, Waterfront, Family style",None
113,Hotel Victoria,http://www.hotelvictoriajaisalmer.com/Facilities.html,"On Fort, Kund Para, Jaisalmer 345001 India",Jaisalmer,India,26.9167,70.9,"https://maps.google.com/maps?saddr=&daddr=On+Fort%2C+Kund+Para%2C+Jaisalmer+345001+India@26.9167,70.9",07:00 AM - 10:00 PM,4.5 ,23,Victoria Restaurant is located inside the ancient fort of Jaisalmer. It has amazing sunset views and is renowned for its thalis and authentic Rajasthani cuisine.,"Indian, Italian, Pizza, Asian","Reservations, Seating, Table Service",None
114,The Mand Desert Cafe & Restaurant,,"Kotri Para, On Fort, Jaisalmer, Jaisalmer 345001 India",Jaisalmer,India,26.91659,70.88833,"https://maps.google.com/maps?saddr=&daddr=Kotri+Para%2C+On+Fort%2C+Jaisalmer%2C+Jaisalmer+345001+India@26.91659,70.88833",07:30 AM - 11:00 PM,5.0 ,10,Multi-cuisine restaurant and cafe with a great view of Jaisalmer city and fort. you will get an excellent view of the palace and city from our cafe.,"Italian, Chinese, Indian, Pizza, Soups",None,None
116,La Purezza,http://lapurezza.blogspot.in/,"In Side Fort Vyasa Para, Jaisalmer 345001 India",Jaisalmer,India,26.912682,70.91161,"https://maps.google.com/maps?saddr=&daddr=In+Side+Fort+Vyasa+Para%2C+Jaisalmer+345001+India@26.912682,70.91161",12:00 AM - 11:59 PM,4.0 ,79,La Purezza Welcome's you for Fresh italian Food . We Also serve pure home styles indian food ( Cooked in our home's kitchen ) our best thali is starting from 150Rs Only. Ask for Hookah / Real Coffee / sunset. Available Delivery .,"Italian, Indian","Takeout, Serves Alcohol, Outdoor Seating, Street Parking, Wine and Beer, Cash Only, Free Wifi, Delivery, Reservations, Seating, Parking Available, Table Service",None
117,Spice Garden,,"Gandhi Colony Hotel Dhola Maru, Jaisalmer 345001 India",Jaisalmer,India,26.91911,70.921005,"https://maps.google.com/maps?saddr=&daddr=Gandhi+Colony+Hotel+Dhola+Maru%2C+Jaisalmer+345001+India@26.91911,70.921005",:  See all hours,5.0 ,9,"Treat Yourself With Mouth Watering Delicacies ,or Refresh With A Drink In The Laid Back Atmosphere Of Our Pool Side Garden Restaurant Along With Your Loved Ones ,","Italian, Chinese, American, Indian, Israeli","Reservations, Gift Cards Available",None
118,The Refreshing Point Restaurant,,"Ring Rd Khejer Para, Manak Chowk, Amar Sagar Pol, Jaisalmer 345001 India",Jaisalmer,India,26.91119,70.91237,"https://maps.google.com/maps?saddr=&daddr=Ring+Rd+Khejer+Para%2C+Manak+Chowk%2C+Amar+Sagar+Pol%2C+Jaisalmer+345001+India@26.91119,70.91237",07:00 AM - 10:00 PM,4.5 ,23,None,Indian,"Takeout, Seating, Table Service",None
120,The Tandoor Roof Top Restaurant,,"Near Fort Parking Ring road, Jaisalmer 345001 India",Jaisalmer,India,26.911049,70.91226,"https://maps.google.com/maps?saddr=&daddr=Near+Fort+Parking+Ring+road%2C+Jaisalmer+345001+India@26.911049,70.91226",10:00 AM - 10:00 PM,5.0 ,9,The Tandoor is a Multi cuisine roof top restaurant with all kind of meals.,"Italian, Chinese, American, Indian, Thai",None,None
123,Restaurant Junction Palace,,"Dandencer lake,Dr. K. L. Achalvansi colony, Jaisalmer 345001 India",Jaisalmer,India,26.925764,70.90752,"https://maps.google.com/maps?saddr=&daddr=Dandencer+lake%2CDr.+K.+L.+Achalvansi+colony%2C+Jaisalmer+345001+India@26.925764,70.90752",12:00 AM - 11:59 PM,4.0 ,80,"Junction Palace is a prime fine dining Restaurant in the heart of Golden City serving its guests since last five years. The Restaurant has discovered by Kr. Mahendra Singh Dabri to provide a completely unique experience to its Guests in hospitality, Ambience, Architecture and not too forget the mouth watering Cuisines. The concept came into shape when Mr. Mahendra Singh decided to renovated this heritage building to preserve and keep history alive for forever this Restaurant building which is located around a pond call Dedancer lake This Restaurant is based on a Serai House theme in Indoislamic Architecture. The thought was to provide Guests an unexpected experience in Rajasthan with the usual warm Hospitality which Rajasthan is famous for. Mr. Mahendra Singh himself is a distinguished person known for his contribution to Rajasthan Tourism at large. He is also a frequent writer on the tourism aspects of Rajasthan. This restaurant is now counted among the top 03 Restaurants of Jaisalmer. Countless Reviews can be found in different Travelers Handbooks mentioning the exotic Dishes and a very Warm Hospitality. Junction Palace serves both Non-Vegetarian and Vegetarian Cuisines to its guests. For this there are separate kitchens to provide comfort to Vegetarian guests also. Among the top Cuisines available are Italian Continental, Chinese and not to forget Indian. Activities like Folk dance and music, keep the visitors hooked to the delight of eating food at the restaurant. It's only 2 minutes in a richshaw, great views of the fort from terrace.","Indian, International","Seating, Serves Alcohol, Reservations, Outdoor Seating, Table Service",None
127,The desert delite,,"near fort road dibba para jaisalmer raj., Jaisalmer 345001 India",Jaisalmer,India,26.94078,70.88669,"https://maps.google.com/maps?saddr=&daddr=near+fort+road+dibba+para+jaisalmer+raj.%2C+Jaisalmer+345001+India@26.94078,70.88669",07:00 AM - 12:00 AM,4.5 ,14,None,"Chinese, Indian, Pizza","Takeout, Reservations, Seating, Wheelchair Accessible, Table Service",None
129,Cafe Fakiri,http://www.cafefakiri.com,"Near Fort Parking, Fort Road, Dhibba Para, Jaisalmer 345001 India",Jaisalmer,India,26.91067,70.915276,"https://maps.google.com/maps?saddr=&daddr=Near+Fort+Parking%2C+Fort+Road%2C+Dhibba+Para%2C+Jaisalmer+345001+India@26.91067,70.915276",5 min:  See all hours,5.0 ,7,"Come to Cafe Fakiri to sip the best coffee in Jaisalmer, enjoy the blissful music for your soul, relaxing ambience and get acquainted with all the information you require about Jaisalmer,tours and travel- all in one place.","Italian, Cafe, International",None,None
130,Season Restaurant,http://www.facebook.com/SeasonRestaurant,"Bera Road Near hotel Golden Haveli, Jaisalmer 345001 India",Jaisalmer,India,26.90477,70.91307,"https://maps.google.com/maps?saddr=&daddr=Bera+Road+Near+hotel+Golden+Haveli%2C+Jaisalmer+345001+India@26.90477,70.91307",07:30 AM - 11:00 PM,4.5 ,21,"Season restaurant have beautiful garden with cozy ambiance provides a variety of different meals from delicious Indian cuisines to western-styles gourmet dishes. A rooftop setting overlooking the majestic Jaisalmer fort, it's by far one of the best restaurants in the area. The professional and friendly staff will provide an excellent service.","Italian, Chinese, Indian, Barbecue","Delivery, Takeout, Reservations, Outdoor Seating, Seating, Parking Available, Street Parking, Free off-street parking, Wine and Beer, Cash Only, Free Wifi, Table Service",None
132,Rangrasiya Non Veg Restaurant & hookah bar BEER BAR,https://rangrasiya-acnon-veg-restaurant-hookah-launge-beer.business.site/,"dhibba para Manak Chowk, Amar Sagar Pol, Jaisalmer 345001 India",Jaisalmer,India,26.910683,70.91242,"https://maps.google.com/maps?saddr=&daddr=dhibba+para+Manak+Chowk%2C+Amar+Sagar+Pol%2C+Jaisalmer+345001+India@26.910683,70.91242",12:00 AM - 11:59 PM,5.0 ,10,RangRasiya restorent A complete Range of non veg and hookah,"Italian, Indian, Cafe, Soups, Bar, Pub","Outdoor Seating, Private Dining, Highchairs Available, Serves Alcohol, Full Bar, Wine and Beer, Free Wifi",None
133,Radhika Restaurant,http://www.hotelradhikajaisalmer.com,"435 Dedansar Melaground Road, Jaisalmer India",Jaisalmer,India,26.924635,70.90999,"https://maps.google.com/maps?saddr=&daddr=435+Dedansar+Melaground+Road%2C+Jaisalmer+India@26.924635,70.90999",12:00 AM - 11:59 PM,5.0 ,8,Radhika restaurant is the food world containing mouthwatering cuisine of veg foods. Our talented chefs know to provide tingle taste to your taste bud . This is the place which first comes in your mind when you think about delicious food in the Jaisalmer. Our exquisite fine dining restaurant offers different specialty of Jaisalmer and different cuisines fulfilling all desire of our guests.,"Italian, Chinese, Indian, Barbecue, Asian",Reservations,None
137,Desert Boy's Cafe',http://www.desertboysguesthouse.com,"On Fort Chogan Para On Fort, Jaisalmer 345001 India",Jaisalmer,India,26.913548,70.91302,"https://maps.google.com/maps?saddr=&daddr=On+Fort+Chogan+Para+On+Fort%2C+Jaisalmer+345001+India@26.913548,70.91302",08:00 AM - 8:30 PM,4.0 ,15,"Desert Boys Cafe' Located on the 850 Yr haritage jaisalmer Fort wall with superb view of Sunrise,City,Haveli,Fort and Royal Place indian style with ambiance of the Graden. Where we provide you spical Rajasthani Thali and Dal,Bati and Churma we are not improvisers but improvers:","Cafe, Italian, Chinese, Indian","Table Service, Reservations, Seating",None
140,Thar Roof Top Restaurant & Cafe,,"Fort Rd, Dhibba Para, Manak Chowk, Amar Sagar Pol, Jaisalmer 345001 India",Jaisalmer,India,26.91421,70.913994,"https://maps.google.com/maps?saddr=&daddr=Fort+Rd%2C+Dhibba+Para%2C+Manak+Chowk%2C+Amar+Sagar+Pol%2C+Jaisalmer+345001+India@26.91421,70.913994",12:00 AM - 11:59 PM,4.0 ,18,We are a locally owned business run by Jitu & his family. We are in the hospitality industry for more than 20 years and we know how to provide you a delicious food with a blend of the traditional Rajasthani style. from our rooftop we have great fort view .,"Indian, Italian, Chinese, Asian, Australian","Reservations, Seating, Table Service",None
142,Cafe Diner,http://cafediner.blogspot.com/,"Fort Parking, Dhibba Para Roof Top, Hotel Moor, Jaisalmer 345001 India",Jaisalmer,India,26.910582,70.91456,"https://maps.google.com/maps?saddr=&daddr=Fort+Parking%2C+Dhibba+Para+Roof+Top%2C+Hotel+Moor%2C+Jaisalmer+345001+India@26.910582,70.91456",09:00 AM - 11:00 PM,5.0 ,5,None,"Indian, Pizza, Cafe, Grill, Southern-Italian",None,None
144,Sakura restaurant,,"Asni road Near Salam Haveli and Natraj restaurant, Jaisalmer 345001 India",Jaisalmer,India,26.912283,70.91194,"https://maps.google.com/maps?saddr=&daddr=Asni+road+Near+Salam+Haveli+and+Natraj+restaurant%2C+Jaisalmer+345001+India@26.912283,70.91194",09:00 AM - 10:00 PM,5.0 ,7,"Our restaurant is located nearby the fort entrance on a rooftop, with a beautiful view on the fort. Our cook is specialised in rajasthani desert food as well as indian food. Free wifi available. Please come to share a good moment with us.",Indian,None,None
146,The Gulaal Cafe,http://www.thegulaal.com/,"Bera Road Hotel Gulaal, Jaisalmer 345001 India",Jaisalmer,India,26.904545,70.91206,"https://maps.google.com/maps?saddr=&daddr=Bera+Road+Hotel+Gulaal%2C+Jaisalmer+345001+India@26.904545,70.91206",:  See all hours,4.5 ,11,None,Indian,"Reservations, Seating, Table Service",None
149,The Laltain Restaurant & Cafe Jaisalmer,,"Near Air Force Circle , Fort Area, Hotel Turban House Rooftop, Jaisalmer 345001 India",Jaisalmer,India,26.909958,70.91162,"https://maps.google.com/maps?saddr=&daddr=Near+Air+Force+Circle+%2C+Fort+Area%2C+Hotel+Turban+House+Rooftop%2C+Jaisalmer+345001+India@26.909958,70.91162",08:00 AM - 10:30 PM,5.0 ,4,"The Laltain Restaurant & Cafe Located at rooftop of Turban House Jaisalme , here you can enjoy best meal with fort view & city .","American, Indian, Cafe, European, Asian","Takeout, Buffet, Seating, Street Parking, Free off-street parking, Digital Payments, Free Wifi, Table Service, Family style",None
151,Hotel Royal Stay,https://www.facebook.com/Hotel-Royal-Stay-152547511577822/,"Inside Fort Vyasa Para walls, Jaisalmer 345001 India",Jaisalmer,India,26.912634,70.9133,"https://maps.google.com/maps?saddr=&daddr=Inside+Fort+Vyasa+Para+walls%2C+Jaisalmer+345001+India@26.912634,70.9133",12:00 AM - 11:59 PM,5.0 ,5,Hello well come in jaisalmer we are offer camel safari in the non tourist desert deep desert we provide camel safari dinner breakfast on the requests also we will provide Swiss tent in the desert live evening culture program and tea coffee snacks dinner next day morning breakfast also we will provide jeep safari in the desert on the requests,Indian,"Outdoor Seating, Wine and Beer",None
154,Spice Court,,"Near Shiv Mandir Ring Road Dhibba Para Jaisalmer, Jaisalmer 345001 India",Jaisalmer,India,26.909245,70.92126,"https://maps.google.com/maps?saddr=&daddr=Near+Shiv+Mandir+Ring+Road+Dhibba+Para+Jaisalmer%2C+Jaisalmer+345001+India@26.909245,70.92126",:  See all hours,5.0 ,4,None,"Chinese, Indian, Cafe, Fast food, Diner","Delivery, Reservations, Outdoor Seating, Buffet, Parking Available, Wine and Beer, Free Wifi",None
156,Renuka,,"Chainpura Street, Jaisalmer 345001 India",Jaisalmer,India,26.917017,70.91103,"https://maps.google.com/maps?saddr=&daddr=Chainpura+Street%2C+Jaisalmer+345001+India@26.917017,70.91103",06:00 AM - 11:00 PM,4.5 ,7,"You have the hotel listed, but I wanted to comment on their restaurant that was excellent",Indian,Reservations,None
159,Shreeji Exellency,,"Barabagh Road, Jaisalmer 345001 India",Jaisalmer,India,26.91664,70.905,"https://maps.google.com/maps?saddr=&daddr=Barabagh+Road%2C+Jaisalmer+345001+India@26.91664,70.905",09:00 AM - 10:00 PM,4.0 ,5,None,Indian,None,None
161,Dunes Bar,http://www.jaisalmermarriott.com,"Jaisalmer-Sam-Dhanana Road, Police Line, Jaisalmer 345001 India",Jaisalmer,India,26.91296,70.90509,"https://maps.google.com/maps?saddr=&daddr=Jaisalmer-Sam-Dhanana+Road%2C+Police+Line%2C+Jaisalmer+345001+India@26.91296,70.90509",11:00 AM - 11:00 PM,5.0 ,4,None,None,None,None
166,Garh Jaisal's Kitchen,http://www.hotelgarhjaisal.com,"Inside Fort Kotari Para Garh Jaisal Haveli, Jaisalmer 345001 India",Jaisalmer,India,26.912884,70.91452,"https://maps.google.com/maps?saddr=&daddr=Inside+Fort+Kotari+Para+Garh+Jaisal+Haveli%2C+Jaisalmer+345001+India@26.912884,70.91452",08:00 AM - 10:30 PM,5.0 ,2,"The beating heart of the Garh Jaisal Haveli Hotel. Start and end the day in our Garh Jaisal's Kitchen restaurant. From breakfast, lunch to dinner, you’re always in the right place.","Chinese, Indian, Cafe, Italian","Delivery, Takeout, Reservations, Outdoor Seating, Private Dining, Seating, Street Parking, Free off-street parking, Serves Alcohol, Wine and Beer, Digital Payments, Free Wifi, Accepts Credit Cards, Table Service, BYOB, Family style",None
176,Fortune Heights Restaurant,,"Fort Parking Road, Jaisalmer 345001 India",Jaisalmer,India,26.911755,70.91346,"https://maps.google.com/maps?saddr=&daddr=Fort+Parking+Road%2C+Jaisalmer+345001+India@26.911755,70.91346",07:00 AM - 11:00 PM,4.5 ,3,"Welcome to the Fortune Heights Restaurant located in Near The Fort Paking,Jaisalmer.Our Restaurant famous for a business Lunch, Romantic Candlelight Dinner ,Group Launch or Dinner,Family Lunch or Dinner or just a drink after a busy day. Our rooftop terrace offers stunning views of the spectacular Golden Fort, & City View. A place to meet other people or just to relax in a hammock. In our restaurant on our rooftop terrace and Garden with a variety of Indian dishes,Rajasthani,Indian Thali,Chinese,Tandoor Special and other food.Our food is served fresh food daily.","Indian, International","Takeout, Outdoor Seating, Buffet, Seating, Parking Available, Accepts Mastercard, Accepts Visa, Cash Only, Free Wifi, Accepts Credit Cards",None
182,Restaurant Dheeya Jaisalmer,http://restaurant-dheeya-jaisalmer.business.site/,"Malaka Pol Near Patwa Haveli Parking, Jaisalmer 345001 India",Jaisalmer,India,26.919855,70.9138,"https://maps.google.com/maps?saddr=&daddr=Malaka+Pol+Near+Patwa+Haveli+Parking%2C+Jaisalmer+345001+India@26.919855,70.9138",09:00 AM - 11:00 PM,4.5 ,2,"Restaurant Dheeya offers a variety of Indian, Israeli, Italian, and Tandoori food in a fine AC dining hall in the Desert City Jaisalmer.","Chinese, Indian, Pizza, Israeli, Italian",None,None
183,Nomadic Restaurant,,"near hotel place height madarsa road Dhibba para jaisalmer,rajasthan 345001, Jaisalmer 345001 India",Jaisalmer,India,26.91086,70.91786,"https://maps.google.com/maps?saddr=&daddr=near+hotel+place+height+madarsa+road+Dhibba+para+jaisalmer%2Crajasthan+345001%2C+Jaisalmer+345001+India@26.91086,70.91786",12:00 AM - 11:59 PM,5.0 ,2,None,Indian,None,None
184,Royal Rajwaadi Resort,http://royalrajwaadiresort.com,"Dhanana Road Country Side Resort, Jaisalmer 345001 India",Jaisalmer,India,26.83069,70.50451,"https://maps.google.com/maps?saddr=&daddr=Dhanana+Road+Country+Side+Resort%2C+Jaisalmer+345001+India@26.83069,70.50451",12:00 AM - 11:59 PM,4.5 ,3,"We Take This Opportunity To Introduce You The One And Only Luxury Commercial Converted Camp Cum Resort, Which Emerges Like A Golden Mirage, Which Unfolds The Charming Romance Of The ""Thar"" Desert. The Camp Is Like A Jewel In The Midst Of The Soft Golden Sand. The Camp Has Recreated The Magic & Adventure Of The Silk Route, That Was The Great Trading Center Between 8th & 12th Century. The Camp Combi","Chinese, Middle Eastern, Afghani","Reservations, Seating, Serves Alcohol, Wine and Beer, Free Wifi",None
185,Kabila Cafe & Kitchen,http://www.kabilacafe.com,"Near Jaisalmer Nagar Palika, Fort Road, dhibba para, Jaisalmer 345001 India",Jaisalmer,India,26.910301,70.91523,"https://maps.google.com/maps?saddr=&daddr=Near+Jaisalmer+Nagar+Palika%2C+Fort+Road%2C+dhibba+para%2C+Jaisalmer+345001+India@26.910301,70.91523",09:00 AM - 10:00 PM,5.0 ,2,"Kabila cafe is situated in the heart of jaisalmer it's multicusine veg & non-veg fine dine restaurant .. we serve all kind of food like continental, Chinese, Italian, North Indian, South Indian, Gujrati & rajasthani. guests can enjoy reading books on our pustakalya and also take a beautiful city & Fort view from our roof top mehfil bar.","Italian, Chinese, Indian, Fast food","Delivery, Buffet, Private Dining, Seating, Parking Available, Street Parking, Television, Serves Alcohol, Wine and Beer, Free Wifi, Accepts Credit Cards",None
188,Street Fast Food,http://street-fast-food.business.site/,"Fort Road Near Axis Bank, Opposite Mallinath Services, Jaisalmer 345001 India",Jaisalmer,India,26.914474,70.91252,"https://maps.google.com/maps?saddr=&daddr=Fort+Road+Near+Axis+Bank%2C+Opposite+Mallinath+Services%2C+Jaisalmer+345001+India@26.914474,70.91252",5:00 PM - 11:00 PM,4.0 ,4,None,"Italian, French, Mexican, Chinese, Indian",None,None
205,New Vrinda Family Restaurant,http://newvrindarestaurant.in/,"Barmer Road, Near Gadisar Circle, Jaisalmer 345001 India",Jaisalmer,India,26.911108,70.930954,"https://maps.google.com/maps?saddr=&daddr=Barmer+Road%2C+Near+Gadisar+Circle%2C+Jaisalmer+345001+India@26.911108,70.930954",09:00 AM - 11:00 PM,5.0 ,1,"we can accommodate 200 people fresh food every day, produced locally from our neighbors renowned chefs with 20 years experience need a family get-together, New Vrinda is for you or maybe a business dinner, try us now or just come for a cup contact us of excellent coffee","Italian, Chinese, Indian, Barbecue","Delivery, Takeout, Reservations, Outdoor Seating, Buffet, Private Dining, Seating, Parking Available, Digital Payments, Free Wifi, Accepts Credit Cards, Table Service, Family style",None
206,Sun Rise and Sun Set Cafe,http://m.facebook.com/HotelSiddharthaJaisalmer/,"Hotel Siddhartha Next To Jain Temple, Jaisalmer 345001 India",Jaisalmer,India,26.912012,70.91223,"https://maps.google.com/maps?saddr=&daddr=Hotel+Siddhartha+Next+To+Jain+Temple%2C+Jaisalmer+345001+India@26.912012,70.91223",06:30 AM - 11:00 PM,5.0 ,1,Rooftop restaurant with spectacular views of the sunset.,"Cafe, Fast food, Diner, Soups, Indian",None,None
209,Bali Resto n Cafe,http://www.blessinghoteljaisalmer.com,"Near Fort Parking, Dhibba Para, Manak Chowk, Jaisalmer 345001 India",Jaisalmer,India,26.91036,70.91458,"https://maps.google.com/maps?saddr=&daddr=Near+Fort+Parking%2C+Dhibba+Para%2C+Manak+Chowk%2C+Jaisalmer+345001+India@26.91036,70.91458",:  See all hours,5.0 ,1,"Complete your Holiday moment in jaisalmer by taste our food We provide food with Original ingredients for every country recipe we made.Enjoy Breakfast,Lunch,Dinner(Halal) Hygiene food,good taste,beautiful serving, good view, fresh food Rocking your taste without rocking your bank.We promise your story about jaisalmer will be different WELCOME","Italian, Chinese, Indian, Asian, Indonesian, Singaporean",None,None
226,Tasty Treats Restaurant And Cafe,,"Tasty Treats Restaurant And Cafe, Ramgadh Road Opp Jawahar Niwas, B/s Priya Hospital, Jaisalmer 345001 India",Jaisalmer,India,26.916431,70.90464,"https://maps.google.com/maps?saddr=&daddr=Tasty+Treats+Restaurant+And+Cafe%2C+Ramgadh+Road+Opp+Jawahar+Niwas%2C+B%2Fs+Priya+Hospital%2C+Jaisalmer+345001+India@26.916431,70.90464",07:30 AM - 11:30 PM,3.0 ,2,A Classic vegetarian restaurant & cafe.,"Italian, Chinese, Indian, Fast food, Middle Eastern, Afghani",None,None
233,Laughing Buddha Cafe,,"Rooftop Open Restaurant&cafe Above Bank Of India Near Fort Parking, Behind First Gate, Jaisalmer, Jaisalmer 345001 India",Jaisalmer,India,26.912712,70.91577,"https://maps.google.com/maps?saddr=&daddr=Rooftop+Open+Restaurant%26cafe+Above+Bank+Of+India+Near+Fort+Parking%2C+Behind+First+Gate%2C+Jaisalmer%2C+Jaisalmer+345001+India@26.912712,70.91577",10:00 AM - 11:00 PM,,,None,"Italian, Chinese, Indian, Cafe",None,None
234,Ramveer Pani Puri Canter,,"Khejer Para, Manak Chowk, Amar Sagar Pol, Jaisalmer 345001 India",Jaisalmer,India,26.912382,70.91232,"https://maps.google.com/maps?saddr=&daddr=Khejer+Para%2C+Manak+Chowk%2C+Amar+Sagar+Pol%2C+Jaisalmer+345001+India@26.912382,70.91232",3:30 PM - 9:30 PM,,,None,Indian,None,None
236,Rocks Cafe,http://www.rockingfood.com,"Near Ravi Indane Gas Agency, R P Colony, Industrial Area, Gandhi Nagar, Jaisalmer 345001 India",Jaisalmer,India,26.92473,70.923615,"https://maps.google.com/maps?saddr=&daddr=Near+Ravi+Indane+Gas+Agency%2C+R+P+Colony%2C+Industrial+Area%2C+Gandhi+Nagar%2C+Jaisalmer+345001+India@26.92473,70.923615",10:00 AM - 11:00 PM,,,"At Rocking Food we offer meals of excellent quality and invite you to try our delicious food. The key to our success is simple: providing quality consistent food that taste great every single time. We pride ourselves on serving our customers delicious genuine dishes like: Pizza, Burger, Pasta Eat delicious food. Grab a drink. But most of all, relax! We thank you from the bottom of our hearts for your continued support.","Italian, Indian, Pizza, Cafe, Middle Eastern, Afghani",None,None
240,Mahindra Restorant,,Jaisalmer 345001 India,Jaisalmer,India,26.920542,71.91655,"https://maps.google.com/maps?saddr=&daddr=Jaisalmer+345001+India@26.920542,71.91655",07:00 AM - 11:00 PM,,,None,Indian,"Delivery, Buffet, Digital Payments, Cash Only",None
246,Tasty Treats Restaurant & Cafe,,"Ramgarh Road Opp. Hotel Jawahar Niwas, CVS Colony, Jaisalmer 345001 India",Jaisalmer,India,26.917437,70.9028,"https://maps.google.com/maps?saddr=&daddr=Ramgarh+Road+Opp.+Hotel+Jawahar+Niwas%2C+CVS+Colony%2C+Jaisalmer+345001+India@26.917437,70.9028",07:30 AM - 11:30 PM,,,None,"Italian, Chinese, Indian, Fast food, Middle Eastern, Afghani",None,None
247,Doctor Cafe,http://instagram.com/doctorcafe0,"Gopa Chowk Near Fort 1st Gate, Jaisalmer 345001 India",Jaisalmer,India,26.913351,70.91413,"https://maps.google.com/maps?saddr=&daddr=Gopa+Chowk+Near+Fort+1st+Gate%2C+Jaisalmer+345001+India@26.913351,70.91413",08:30 AM - 10:30 PM,,,"We serve real Italian coffee with fresh bean grind Espresso,cappuccino,cafelate,cafe frappe ,choco frappe","Italian, Indian, Cafe, British, Deli",None,None
248,Marvin Restaurant,http://www.marvinjaisalmer.com/marvin-restaurant/,"Rooftop Marvin Jaisalmer, Jaisalmer 345001 India",Jaisalmer,India,26.919006,70.91153,"https://maps.google.com/maps?saddr=&daddr=Rooftop+Marvin+Jaisalmer%2C+Jaisalmer+345001+India@26.919006,70.91153",07:30 AM - 10:30 PM,,,"Enjoy a luscious Rooftop dining experience during your stay at Marvin Jaisalmer. At Marvin Jaisalmer, We are eager to treat you, your friends, and your family with a unique and cost-effective eating experience. Enjoy dining at a new venue, a new look, better services with the Same Authentic Marvin Jaisalmer taste.","Chinese, American, Indian, Asian","Delivery, Takeout, Reservations, Private Dining, Seating, Street Parking, Cash Only, Free Wifi, Accepts Credit Cards, Family style, Non-smoking restaurants",None
251,Doctor Cafe,http://instagram.com/doctorcafe0?utm_medium=copy_link,"Gopa Chowk , Near Fort 1st Gate, Jaisalmer 345001 India",Jaisalmer,India,26.912235,70.910965,"https://maps.google.com/maps?saddr=&daddr=Gopa+Chowk+%2C+Near+Fort+1st+Gate%2C+Jaisalmer+345001+India@26.912235,70.910965",08:30 AM - 10:30 PM,,,None,"Indian, Cafe, Deli, Australian, Eastern European, Armenian",None,None
257,Made In Mama Restaurant,http://madeinmama.business.site,"Above The Desert Cow Guest House Near Icici Bank Shiv Road, Jaisalmer 345001 India",Jaisalmer,India,26.912062,70.90982,"https://maps.google.com/maps?saddr=&daddr=Above+The+Desert+Cow+Guest+House+Near+Icici+Bank+Shiv+Road%2C+Jaisalmer+345001+India@26.912062,70.90982",12:00 AM - 11:59 PM,,,Very nice view of the fort . good palace to it Indian food very friendly staff and helpful the cheapest food in jaisalmer. Did you like food you pay you don't like don't pay,"Italian, Indian, Cafe, International, Asian",None,None
266,The Odhani Restaurant,http://the-odhani-restaurant.business.site/,"14 Km Sam Sand Dunes Road Near Suryagarh, Jaisalmer 345001 India",Jaisalmer,India,26.914917,70.77378,"https://maps.google.com/maps?saddr=&daddr=14+Km+Sam+Sand+Dunes+Road+Near+Suryagarh%2C+Jaisalmer+345001+India@26.914917,70.77378",07:00 AM - 11:59 PM,,,"the Odhani Restaurant is traditional Indian Restaurant , we serve multi cuisine which meets all your Needs , when you are on the way to desert one can stop for light snacks which are always ready.","Chinese, Japanese, Indian, Asian, Korean, Contemporary","Delivery, Takeout, Reservations, Outdoor Seating, Buffet, Private Dining, Seating, Parking Available, Street Parking, Free off-street parking, Highchairs Available, Wheelchair Accessible, Serves Alcohol, Full Bar, Wine and Beer, Digital Payments, Free Wifi, Accepts Credit Cards, Table Service, Live Music, Drive Thru, Playgrounds, Dog Friendly, Family style",None
